﻿<?xml version="1.0" encoding="utf-8"?>
<!--Theme File generated for WinReducer 8.1 created by Winterstorm2050 from www.winreducer.net-->
<Packages>
  <Version>v2.00</Version>
  <Name>Default (Official Theme)</Name>
  <FadeIn>true</FadeIn>
  <FadeOut>true</FadeOut>
  <Font Name="Segoe UI" />
  <Color Red="255" Green="255" Blue="255" />
  <Icons Borders="true" />
  <Icons Text="true" />
  <Theme>
    <Errors>
      <Error Logo="Icons\Error.png" />
    </Errors>
    <Out>
      <Exit Background="Backgrounds\Exit.jpg" />
      <Exit Logo="Icons\Exit.png" />
      <Exit Yes="Icons\Exit_Yes.png" />
      <Exit No="Icons\Exit_No.png" />
    </Out>
    <Launchers>
      <Launcher Background="Backgrounds\Launcher.jpg" />
      <Launcher Home="Icons\Launcher_Home.png" Folder="Icons\Launcher_Home_Folder.png" ISO="Icons\Launcher_Home_ISO.png" Tools="Icons\Launcher_Home_Tools.png" />
      <Launcher Option="Icons\Launcher_Options.png" Update="Icons\Launcher_Options_Update.png" Folders="Icons\Launcher_Options_Folders.png" Theme="Icons\Launcher_Options_Theme.png" Info="Icons\Launcher_Options_Info.png" />
      <Launcher Exit="Icons\Exit.png" />
    </Launchers>
    <Open>
      <OpenFolder Background="Backgrounds\Open.jpg" />
      <OpenFolder Open="Icons\Open.png" />
      <OpenISO Background="Backgrounds\Open.jpg" />
      <OpenISO Open="Icons\Open.png" />
    </Open>
    <Options>
      <Folders Background="Backgrounds\Options_Tools.jpg" />
      <Folders Logo="Icons\Launcher_Options_Folders.png" />
      <Folders ON="Icons\ON.png" />
      <Folders OFF="Icons\OFF.png" />
      <Infos Background="Backgrounds\Options_Tools.jpg" />
      <Infos Logo="Icons\Launcher_Options_Info.png" />
      <Themes Background="Backgrounds\Options_Tools.jpg" />
      <Themes Logo="Icons\Launcher_Options_Theme.png" />
      <Themes ON="Icons\ON.png" />
      <Themes OFF="Icons\OFF.png" />
      <Update Background="Backgrounds\Options_Tools.jpg" />
      <Update Download="Icons\Launcher_Options_Update_Download.png" />
      <Update Logo="Icons\Launcher_Options_Update.png" />
    </Options>
    <Tools>
      <Updates Background="Backgrounds\Options_Tools.jpg" />
      <Updates Logo="Icons\Tools_Updates.png" />
      <ISO Background="Backgrounds\Options_Tools.jpg" />
      <ISO Logo="Icons\Tools_Iso.png" />
      <ISO Save="Icons\Tools_Iso_Save.png" />
      <USB Background="Backgrounds\Options_Tools.jpg" />
      <USB Logo="Icons\Tools_Usb.png" />
      <Editor Background="Backgrounds\Options_Tools.jpg" />
      <Editor Logo="Icons\Tools_Preset_Editor.png" />
    </Tools>
    <Components>
      <Remover Background="Backgrounds\Remover.jpg" />
      <Remover ArrowDown="Icons\Arrow_Down.png" />
      <Remover Load="Icons\Load.png" Save="Icons\Save.png" />
      <Remover Launch="Icons\Apply.png" />
      <Remover ON="Icons\ON.png" />
      <Remover OFF="Icons\OFF.png" />
      <Remover ThemePreview="Backgrounds\WinReducer_Theme.png" />
      <Removing Background="Backgrounds\Removing.jpg" />
      <Removing Logo="Icons\Removing_UpDown.png" />
      <Removing ON="Icons\ON.png" />
      <Removing OFF="Icons\OFF.png" />
    </Components>
  </Theme>
</Packages>